﻿id;Ф.И.О.;Подано на категорию;Статус;Дата;Текущее место работы;Должность;Территория;Экзамен: Дата;Экзамен: Баллы;Эксперт 1: Статус;Эксперт 1: Ф.И.О.;Эксперт 2: Статус;Эксперт 2: Ф.И.О.;Эксперт 3: Статус;Эксперт 3: Ф.И.О.;Пользователь: id;Пользователь: Дата регистрации;Пользователь: Логин;Пользователь: Электронная почта
382859;Телеева Хадижат Абакаровна;Высшая;Ожидание рассмотрения;16.05.2023;МКОУ "Каякентская СОШ №3";Учитель;Каякентский район;17.05.2023;;1;1;1;1;1;1;379843;10.05.2023;132-651-332-28;teleeva_007@bk.ru
380456;Гашимов Ариф Эседуллаевич;Первая;Ожидание рассмотрения;11.05.2023;МКОУ "Филялинская СОШ";Учитель;Магарамкентский район;17.05.2023;;1;1;1;1;1;1;380417;11.05.2023;113-552-254-20;arif.gashimov.80@mail.ru
380381;Османова Ханика Арифовна;Высшая;Ожидание рассмотрения;11.05.2023;МБОУ "СОШ №1";Учитель;г. Каспийск;17.05.2023;;1;1;1;1;1;1;380342;11.05.2023;067-963-625-16;khanika2015@mail.ru
380114;Биймурзаева Мадина Магомедрасуловна;Высшая;Ожидание рассмотрения;11.05.2023;МКОУ Прогимназия № 9 "Ручеёк";Воспитатель;г. Хасавюрт;17.05.2023;;1;1;1;1;1;1;228028;28.09.2022;068-060-434-55;madina.biymurzaeva.75@mail.ru
379448;Балагаева Лаура Надировна;Высшая;Ожидание рассмотрения;07.05.2023;МБОУ "СОШ №27";Учитель;г. Махачкала;17.05.2023;;1;1;1;1;1;1;216512;02.09.2022;068-688-504-29;balagaeva2017@yandex.ru